SKU,QTY
9318701024050,0
9318701030075,0
9318701036282,0
9318701078114,895
9318701000054,0
9318701000047,0
9318701000030,0
9318701000061,0
9318701000078,0
9318701000085,0
9318701000092,0
9318701000108,0
9318701000146,0
9318701078015,570
9318701078008,658
9318701000184,0
9318701035100,0
9318701078022,2414
9318701000214,0
9318701000221,457
9318701000238,425
9318701024289,443
9318701000252,219
9318701030112,0
9318701000269,0
9318701000283,2315
9318701000290,2433
9318701000313,75
9318701000306,209
9318701000320,3
9318701000337,386
9318701000344,53
9318701025200,0
9318701000375,0
9318701000382,0
9318701061222,0
9318701000405,0
9318701061185,0
9318701061192,0
9318701061208,0
9313504010293,0
741696907647,0
9318701028294,0
7416969076230,0
9318701000580,0
9318701000573,0
9318701000641,0
9318701000665,0
9318701000689,155
9318701000672,599
9318701000702,0
9318701037227,0
9318969075627,0
9318701000719,0
9318701000733,0
9318701000764,0
9318701000771,114
9318701000788,0
9318701061239,290
9318701000795,0
9318701052268,0
9318701040739,0
9318701000832,0
9318701036428,0
9318701000863,0
9318701031676,0
9318701000887,0
9318701000900,0
9318701000931,0
9318701000962,69
9318701000979,0
9318701036435,0
9318701036442,0
9318701061048,0
9318701061055,0
9318701001068,0
9318070664741,371
9318701001099,0
9318701001136,0
9318701001150,0
9318701061246,0
9318701001266,0
9318070665526,0
9318701001273,0
9318701001303,0
9318701001310,0
9318701037319,0
9318701037326,0
9318701037333,0
9318701036466,0
9318701036459,0
9318070060383,0
9318701037081,0
9318701037074,0
9318701036541,0
9318701042313,0
9318701042320,0
9318701042337,0
9318701064810,0
9318701069518,0
9318701069525,0
9318701069532,0
4984824089198,0
4984824089211,0
4984824089020,0
4984824089044,0
4984824089150,0
4008496234400,0
4008496276929,0
887549226106,0
9318701059878,0
4994334175588,0
4994334175571,0
4994334175601,0
4994334175618,0
4994334130303,0
9780949499004,0
9780949490032,0
9318701002928,0
9781862526617,0
9781864360912,0
4892833719213,0
9320832000230,0
9318701047738,0
9318701078985,739
9318701075755,179
9328668017736,0
9318701075762,148
9318070663812,0
9318701052886,0
9318701052893,0
9318701061390,0
9318701073829,388
9318701073812,0
9318701077377,2182
9318701078862,496
9318701061406,0
9318701061413,0
9318701061420,0
9318701060751,0
9318701078855,133
9318701078879,226
9318701061437,538
9318701059175,376
9318701059182,418
9318701059199,460
9318701059168,0
9318701080360,0
9318701080315,891
9318701080322,1712
9318701080346,260
9318701080339,1729
9318701080353,0
9318701080278,380
9318701080285,535
9318701080308,422
9318701080292,2529
9318701069433,0
9318701069440,409
9318701069457,2
9318701069464,0
9318701072709,0
9318701072716,0
616323202221,0
616323201903,0
9318701036183,0
9318701001358,0
9318701001372,0
9318701001396,0
9318701001419,0
9318701001433,0
9318701001457,0
9318701001471,0
9318701001495,0
9318701078725,403
9318701078732,180
9318701078688,168
9318701078695,379
9318701078701,513
9318701078718,371
9318701078787,151
9318701078794,122
9318701078749,237
9318701078756,275
9318701078763,610
9318701078770,658
9318701001853,0
9318701001860,0
9318701001877,0
9318701001884,0
9318701001891,0
9318701073140,0
9318701073157,72
9318701073164,0
9318701073171,71
9318701073188,87
9318701057881,0
9318701061253,0
9318701057867,0
9318701057850,0
9318701057874,0
9318701073195,0
9318701073201,0
9318701073218,183
9318701073225,233
9318701073232,0
9318701073249,0
9318701057898,0
9318701057928,0
9318701061260,0
9318701057935,0
9318701057911,0
9318701057904,0
9318701002140,170
9318701002164,189
9318701002188,408
9318701002201,415
9318701002225,727
9318701002249,870
9318701002263,797
9318701023558,772
9318701024265,632
9318701002393,69
9318701002409,118
9318701002416,157
9318701002423,199
9318701002430,287
9318701024593,238
9318701024609,148
9318701024692,146
9318701064919,0
9318701064926,0
9318701064933,0
9318701064940,0
9318701064957,0
9318701064964,0
9318701064971,0
9318701064988,0
9318701064995,0
9318701069549,0
9318701069556,22
9318701069563,6
9318701069570,44
9318701069587,72
9318701069594,111
9318701042610,89
9318701042627,88
9318701069624,84
9318701029796,0
9318701029802,121
9318701029819,165
9318701029826,159
9318701029833,273
9318701029840,282
9318701029857,215
9318701029864,105
9318701033052,0
9318701033069,50
9318701033076,55
9318701033083,76
9318701033090,15
9318701033106,69
9318701033113,17
9318701033120,4
9318701079319,229
9318701079326,186
9318701079289,116
9318701079296,206
9318701079302,189
9318701059236,0
9318701061277,0
9318701059205,0
9318701059212,57
9318701059229,35
9318701079364,158
9318701079371,149
9318701079333,154
9318701079340,193
9318701079357,194
9318701073256,0
9318701073263,0
9318701073270,0
9318701073287,0
9318701073294,0
9318701059243,675
9318701059274,228
9318701061284,195
9318070664758,675
9318701059267,768
9318701059250,657
9318701073300,0
9318701073317,0
9318701073324,0
9318701073331,0
9318701073348,0
9318701073355,0
9318701061291,0
9318701061307,0
9318701061314,0
9318701061321,0
9318701061338,0
9318701061345,0
9318701061352,0
9318701061369,0
9318701061376,0
9318701069662,87
9318701069679,81
9318701069631,51
9318701069648,82
9318701069655,99
9318701069686,391
9318701069716,277
9318701069730,207
9318701069723,309
9318701069709,407
9318701069693,398
9318701069747,0
9318701069754,0
9318701069761,0
9318701069778,0
9318701069785,0
9318701069792,0
9318701069808,0
9318701069815,0
9318701069822,0
9318701073362,0
9318701073379,0
9318701073386,0
9318701073393,0
9318701073409,0
9318701073416,0
9318701073423,0
9318701073430,0
9318701073447,0
9318701075465,0
9318701075472,0
9318701075489,0
9318701075496,0
9318701075502,0
9318701075519,0
9318701075526,0
9318701075533,0
9318701075540,0
9318701075557,19
9318701075564,16
9318701075571,46
9318701075588,127
9318701075595,161
9318701075601,165
9318701075618,127
9318701075625,107
9318701078039,0
9318701078046,28
9318701078053,34
9318701078060,35
9318701078077,0
9318701078084,0
9318701078091,0
9318701078107,0
9318701077506,30
9318701077513,85
9318701077520,163
9318701077537,132
9318701077544,99
9318701077551,0
9318701077568,0
9318701077575,0
9318701543124,53
9318701543131,82
9318701543148,114
9318701543155,149
9318701543162,144
9318701543179,103
9318701543186,46
9318701543193,38
9318701543209,21
9318701003222,0
9318701003215,0
9318701079920,717
9318701079913,748
9318701079937,21
9318701003253,1
9318701003246,0
9318701003284,1
9318701024388,1
9318701028430,0
9318701061444.,0
9318701061444,0
9318701037623,226
9318701073133,100
9318701080568,369
9318701003345,585
9318701053432,435
9318701061451,0
9318701061468,0
9318701061475,0
9318701061482,0
9318701061499,0
9318701003420,0
9318701003468,0
9318701040180,0
9318701003062,0
9318701003130,0
9318701003147,0
9318701003154,668
9318701003178,0
9318701003185,0
9318701003192,0
9318701058727,0
9318701058710,0
9318701058703,0
9318701058697,0
799471658840,0
799471658819,0
799471658888,0
799471658901,0
799471659021,0
799471658871,0
799471659304,0
9318070664765,0
9318070664772,0
9318070664789,0
9318070664796,0
9318701049770,0
9318701049787,0
9318701047608,0
9318701069310,0
9318701069327,0
9318701069334,0
9318701069341,0
9318701069402,0
9318701069389,0
9318701069396,0
9318701069372,0
9318701069419,0
9318701069426,0
9318701059144,0
9318701061932,457
9318701061925,-5
9318701078633,353
9318701078626,359
9318701079487,94
9318701079470,139
9318701079463,116
9318701079456,131
9318701078572,147
9318701078565,173
9318701078596,200
9318701078589,198
9318701078497,162
9318701078473,184
9318701078480,246
9318701078466,80
9318701078503,59
9318701078541,114
9318701078527,87
9318701078534,119
9318701078510,32
9318701078558,55
9318701061949,317
9318701061963,448
9318701061956,298
9318701061970,298
9318701066661,0
9318701066647,16
9318701066678,199
9318701066654,145
9318701077827,1
9318701077810,0
9318701061987,283
9318701062007,155
9318701061994,131
9318701062014,92
9318701078428,158
9318701078411,15
9318701078404,44
9318701078459,-2
9318701078442,1
9318701078435,50
9318701062021,304
9318701062038,313
9318701062045,0
9318701062052,7
9318701049213,0
9318701049176,0
9318701049138,0
9318701049251,0
9318701049220,0
9318701049183,26
9318701049145,1
9318701049268,0
9318701049244,0
9318701049206,0
9318701049169,0
9318701049282,0
9318701078268,89
9318701078251,249
9318701078244,167
9318701078299,80
9318701078282,148
9318701078275,82
9318701066623,0
9318701066616,0
9318701066609,0
9318701066630,0
9318701078336,174
9318701078312,178
9318701078329,244
9318701078305,71
9318701078343,75
9318701078381,86
9318701078367,67
9318701078374,142
9318701078350,9
9318701078398,39
9318701062069,0
9318701062090,0
9318701062120,0
9318701062151,0
9318701062076,0
9318701062106,0
9318701062137,0
9318701062168,0
9318701062083,0
9318701062113,0
9318701062144,0
9318701062175,0
9318701062212,68
9318701062229,72
9318701070996,101
9318701071009,119
9318701071016,66
9318701071023,102
9318701062236,0
9318701062250,0
9318701062274,0
9318701062298,0
9318701062243,117
9318701062267,153
9318701062281,103
9318701062304,0
9318701062328,0
9318701062311,0
9318701062335,0
9318701062359,0
9318701062342,0
9318701062366,0
9318701075090,0
9318701075083,8
9318701075076,0
9318701075069,4
9318701075113,172
9318701075106,209
9318701079425,37
9318701079418,40
9318701075137,426
9318701075120,444
9318701075311,12
9318701075304,183
9318701075335,0
9318701075328,0
9318701075373,70
9318701075359,0
9318701075366,163
9318701075342,277
9318701075380,261
9318701075397,68
9318701075434,0
9318701075410,178
9318701075427,0
9318701075403,0
9318701075441,237
9318701075458,0
9318701052787,166
9318701052824,198
9318701052794,0
9318701052831,0
9318701052800,0
9318701052848,0
9318701052817,0
9318701052855,0
9318701080483,104
9318701080476,101
9318701080469,94
9318701080452,112
9318701080629,408
9318701080612,400
9318701052909,0
9318701052916,0
9318701052923,0
9318701049633,0
9318701049626,0
9318701042108.,0
9318701042115.,0
9318701042122.,0
9318701042139.,0
9318701042146.,0
9318701042153.,0
9318701042160.,0
9318701042177.,0
9318701042184.,0
9318701045987.,0
9318701034080,0
9318701034097,0
9318701034103,0
9318701034134,0
9318701034127,0
9318701034110,0
9318701034141,0
9318701066685,0
9318701066739,0
9318701066746,0
9318701066692,0
9318701066708,0
9318701066715,0
9318701066722,0
9318701075168,0
9318701075151,56
9318701075144,4
9318701075175,0
9318701075205,0
9318701075199,42
9318701075182,8
9318701075212,0
9318701075243,91
9318701075236,86
9318701075229,58
9318701075250,47
9318701058628,0
9318701058642,48
9318701058659,125
9318701058680,81
9318701058666,2
9318701061215,100
9318701058635,70
9318701061505,0
9318701061536,0
9318701061567,0
9318701061598,0
9318701061628,0
9318701061659,0
9318701061680,0
9318701061512,0
9318701061543,0
9318701061574,0
9318701061604,0
9318701061635,0
9318701061666,0
9318701061697,0
9318701061529,0
9318701061550,0
9318701061581,0
9318701061611,0
9318701061642,0
9318701061673,0
9318701061703,0
9318701075038,21
9318701075021,10
9318701075052,1
9318701075045,0
9318701061734,0
9318701061710,0
9318701061741,0
9318701061727,0
9318701071030,38
9318701071047,472
9318701071054,75
9318701071061,90
9318701071078,54
9318701061758,5
9318701061772,4
9318701061796,0
9318701061819,0
9318701066753,17
9318701061765,112
9318701061789,160
9318701061802,96
9318701061826,93
9318701066760,87
9318701061857,0
9318701061833,0
9318701061871,0
9318701061864,0
9318701061840,0
9318701061888,0
9318701061895,0
9318701061901,0
9318701061918,0
616323703001,0
9318701073843,0
9318701073836,505
616323201675,35
616323201682,4
616323201637,60
616323201644,43
616323201651,20
616323201668,0
616323703384,553
9318701076912,23
9318701076899,3
9318701076905,-1
9318701076882,9
9318701076929,0
9318701076936,25
9318701076974,44
9318701076950,35
9318701076967,38
9318701076943,0
9318701076981,-4
9318701076998,11
9318701042177,0
9318701042153,234
9318701042146,184
9318701042122,164
9318701042115,117
9318701042108,50
9318701042160,161
9318701045987,2
9318701042184,168
9318701042139,17
9318701075793,0
9318701075786,44
9318701077025,156
9318701077018,115
9318701077049,0
9318701077032,0
9318701076851,72
9318701076844,49
9318701079401,28
9318701079395,44
9318701076875,10
9318701076868,24
9318701076837,42
9318701076820,73
9318701076813,50
9318701076769,46
9318701042856,0
9318701042863,1571
9318701021028,0
9318701004823,3
9318701004847,-1
9318701004861,0
9318701004885,1
9318701064650,0
9318701004991,78
9318701020007,97
9318701020014,77
9318701015393,68
9318701015416,205
9318701015539,62
9318701015577,41
9318701047349,0
9318701060683,0
9318701060676,0
9318701057942,0
9318701060690,0
9318701064643,0
9318701062373,0
9318701062380,0
9318701062397,0
9318701062403,0
9318701064629,0
9318701025156,0
9318701025170,0
9318701024975,0
9318701060638,0
9318701060621,0
9318701060614,0
9318701021172,0
9318701021189,0
9318701023039,917
9318701023046,0
9318701023053,1141
9318701059489,1332
9318701064575,0
9318701059656,0
9318701059663,0
9318701059670,0
9318701059687,0
9318701005875,0
9318701057270,993
9318701057287,857
9318701014006,426
9318701057294,0
9318701035117,0
9318701024302,551
9318701024364,0
9318701043051,907
9318701073454,80
9318701073461,163
9318701034301,0
9318701062410,970
9318701062427,909
9318701062434,0
9318701064766,383
9318701064773,0
9318701014136,508
9318701062441,0
021563101140,0
021563141146,0
021563144147,0
021563144161,0
021563204148,0
021563228021,0
021563241167,0
021563261202,0
021563271102,0
021563281156,0
021563291162,0
021563301205,0
021563341188,0
021563361322,0
021563401011,0
021563402209,0
021563408317,0
021563408515,0
021563440836,0
021563440843,0
021563440881,0
021563440904,0
021563443004,0
021563680911,0
021563690415,0
9318701064636,449
9318701067743,0
9318701062656,0
9318701062663,0
9318701062670,0
9318701062687,0
9318701062694,0
9318701054019,0
9318701077636,-2
9318701077612,8
9318701077629,46
9318701077605,66
9318701077599,-1
9318701077643,0
9318701077582,59
9318701060546,0
9318701078121,166
9318701078145,291
9318701078138,261
9318701078152,495
9318701078169,200
9318701062717,0
9318701078176,243
9318701078190,193
9318701078183,904
9318701078206,283
9318701028577,0
9318701062724,0
9318701006797,0
9318701064582,0
9318701025637,0
9318701073072,154
9318701073089,209
8003608335354,0
9318701053760,0
9318701067415,0
9318701067439,0
9318701070767,0
9318701067422,0
9318701067446,0
9318701067460,0
9318701067453,1
9318701078992,90
9318701079005,34
9318701079012,103
9318701067491,0
9318701067484,0
9318701067477,0
9318701070774,0
9318701070781,1
9318701070798,0
9318701070804,0
9318701070811,0
9318701070828,0
9318701070835,0
9318701070842,0
9318701074048,0
9318701074031,1
9318701074062,0
9318701074055,0
9318701074086,0
9318701074079,0
9318701070941,0
9318701071252,0
9318701079173,64
9318701079180,199
9318701079203,68
9318701079197,273
9318701079562,0
9318701079579,16
9318701079586,0
9318701080100,0
9318701080117,0
9318701080124,1
9318701067521,0
9318701067514,0
9318701067507,0
9318701067552,0
9318701067545,0
9318701067538,0
9318701079265,0
9318701079272,46
9318701079227,20
9318701079241,8
9318701079234,1
9318701079258,22
9318701073003,0
9318701079210,110
9318701073010,0
9318701073027,0
9318701073041,0
9318701073058,0
9318701077889,21
9318701077919,3
9318701077940,0
9318701077971,2
9318701077896,71
9318701077926,4
9318701077957,0
9318701077988,1
9318701077902,194
9318701077933,117
9318701077964,48
9318701077995,66
9318701079494,303
9318701079500,202
9318701079517,409
9318701079524,244
9318701079531,266
9318701079548,236
9318701067231,0
9318701067255,0
9318701070859,0
9318701067248,0
9318701067262,0
9318701067286,0
9318701070866,0
9318701067279,0
9318701067293,0
9318701067316,0
9318701070873,0
9318701067309,0
9318701067323,0
9318701067347,0
9318701070880,0
9318701067330,0
9318701067026,0
9318701067033,0
9318701070897,0
9318701067354,0
9318701067378,0
9318701067361,0
9318701067385,0
9318701067408,0
9318701067392,0
9318701070903,0
9318701070910,0
9318701080148,4
9318701080131,0
9318070664833,0
9318701005080,0
9318070664840,0
9318701034424,0
9318701005219,0
9318701034431,0
9318701049404,0
9318701077698,62
9318701077704,10
9318701077759,0
9318701077766,0
9318701062458,0
9318701062465,0
9318701077797,0
9318701077803,0
9318701077834,1
9318070060055,0
9318070060062,0
9318070060079,1
9318701034349,0
9318701062472,0
9318701062489,0
9318701062496,0
9318701062502,0
9318701062519,0
9318701062526,0
9318701062533,0
9318701062540,0
9318701062557,0
9318701062564,3
9318701023657,0
9318701062571,0
9318701062588,0
9318701064780,0
9318701064797,0
9318701064803,0
9318701062595,0
9318701062601,0
9318701062618,0
9318701062625,0
9318701062632,0
9318701062649,0
9318701006810,0
9318701006858,0
9318701006834,0
9318701006896,0
9318701006872,0
9318701006919,0
9318701006827,0
9318701006865,0
9318701006841,0
9318701006902,0
9318701006889,0
9318701006926,0
9318701006933,0
9318701006971,0
9318701006957,0
9318701007015,0
9318701006995,0
9318701007053,0
9318701007039,0
9318701007091,0
9318701007077,0
9318701007114,0
9318701006940,0
9318701006988,0
9318701006964,0
9318701007022,0
9318701007008,0
9318701007060,0
9318701007046,0
9318701007107,0
9318701007084,0
9318701007121,0
9318701007138,0
9318701007145,0
9318701062731,0
9318701066395,0
9318701062748,0
9318070665113,0
9318070665120,0
9318070665137,0
9318070665144,0
9318070665151,0
9318070665168,0
9318070665175,0
9318070665182,0
9318070665199,0
0019428019914,0
19428072421,0
019428072438,0
19428072445,0
19428072452,0
19428079239,0
19428079253,0
19428079314,0
19428079284,0
19428034689,0
19428081409,0
19428081447,0
19428081829,0
19428081515,0
19428081485,0
19428034696,0
19428083557,0
9318070664871,0
9318070664888,0
19428083731,0
19428034702,0
19428083175,0
19428084349,0
19428083342,0
19428034733,0
19428082659,0
19428082772,0
19428082833,0
19428082802,0
19428034719,0
19428083946,0
9318070664895,0
9318070664901,0
19428084103,0
19428034726,0
19428063429,0
19428063436,0
19428092801,0
19428080525,0
19428018788,0
19428018986,0
19428015374,0
19428023607,0
19428015220,0
19428015985,0
19428017576,0
19428055110,0
19428019471,0
19428019884,0
19428055097,0
19428020965,0
19428007522,0
19428024338,0
19428001216,0
19428015930,0
19428056001,0
19428021825,0
19428001926,0
19428002435,0
19428055974,0
19428003395,0
19428013905,0
19428070045,0
19428037147,0
19428057343,0
19428039639,0
19428057350,0
19428056315,0
19428056292,0
19428038458,0
19428061272,0
19428039646,0
19428057374,0
19428056322,0
19428038465,0
19428040574,0
19428004002,0
19428002541,0
0019428010577,0
0019428010768,0
19428037260,0
19428037284,0
19428037291,0
0019428012687,0
19428037482,0
19428040321,0
0019428096243,0
0019428096267,0
0019428018436,0
0019428020583,0
19428065737,0
19428065744,0
0019428036034,0
9318070665069,0
0019428080266,0
9318701070217,0
9318701070200,0
9318701070194,0
9318701072440,0
9318701070248,0
9318701070231,0
9318701070224,0
9318701072457,0
9318701072471,0
9318701072488,0
9318701072464,0
9318701072501,0
9318701072518,0
9318701072495,0
9318701072549,0
9318701072532,0
9318701072525,0
9318701072563,0
9318701072556,0
0019428077167,0
0019428075644,0
0019428075651,0
0019428096540,0
0019428075668,0
0019428075675,0
0019428075682,0
0019428075699,0
0019428075705,0
0019428077297,0
0019428077174,0
0019428077181,0
0019428075712,0
0019428085810,0
0019428085827,0
0019428085834,0
0019428076306,0
0019428076313,0
0019428076023,0
9318701069839,0
9318701069846,0
9318701069853,0
9318701069860,0
9318701069877,0
9318701069921,0
9318701069907,0
9318701069884,0
9318701069945,0
9318701069969,0
9318701069938,0
9318701069914,0
9318701069891,0
9318701069952,0
9312701069976,0
9318701070026,0
9318701070002,0
9318701069983,0
9318701070040,0
9318701070064,0
9318701070033,0
9318701070019,0
9318701069990,0
9318701070057,0
9318701070071,0
9318701070088,0
9318701070095,0
9318701070101,0
9318701070118,0
9318701070125,0
9318701070132,0
9318701070149,0
9318701070156,0
9318701070163,0
9318701070170,0
9318701027051,0
9318701008104,0
9320600032418,0
9320600030926,0
9320600033354,0
9320600032616,0
9320600032630,0
9320600031374,0
9320600031909,0
9318701065077,0
9320600035594,0
9320600035587,0
9318701078848,488
9318701059298,479
9318701059304,614
9320600037888,0
9320600038137,0
9320600038076,0
9318701070187,18
9318701069471,554
9318701069488,0
9318701069495,0
9318701069501,0
9318701072969,0
9318701072983.,0
9318701072976.,0
9318701073096,0
9318701073102,0
9318701074024,0
9318701062830,0
9318701042849,0
9318701028270,0
9318070060581,0
9318070060536,0
9318070060482,0
9318070060635,0
9318070060437,0
9318070060680,0
9318070060734,0
9318070060598,75
9318070060543,137
9318070060499,75
9318070060642,59
9318070060444,29
9318070060697,46
9318070060741,27
9318070060604,62
9318070060550,94
9318070060505,41
9318070060659,46
9318070060451,14
9318070060703,22
9318070060758,16
9318701071382,15
9318701071399,0
9318701071405,2
9318701073478,12
9318701071412,4
9318701071429,26
9318701071375,0
9318070060628,0
9318070060574,0
9318070060529,0
9318070060673,0
9318070060475,0
9318070060727,0
9318070060772,0
9318070060789,0
9318070060833,0
9318070060888,0
9318070060932,0
9318070060987,0
9318701062847,0
9318701062885,0
9318070060796,0
9318070060840,0
9318070060895,0
9318070060949,0
9318070060994,0
9318701062854,0
9318701062892,0
9318070060802,0
9318070060857,0
9318070060901,0
9318070060956,0
9318070061007,0
9318701062861,0
9318701062908,0
9318070060826,0
9318070060871,0
9318070060925,0
9318070060970,0
9318070061021,0
9318701062878,0
9318701062915,0
9318070061137,0
9318070061083,0
9318070061038,0
9318070061182,0
9318070061236,0
9318070061144,49
9318070061090,63
9318070061045,52
9318070061199,49
9318070061243,53
9318701074857,41
9318701074840,27
9318701074833,40
9318701074864,5
9318701074871,56
9318701071504,0
9318701071511,0
9318701071528,5
9318701071535,7
9318701071542,16
9318070061175,0
9318070061120,0
9318070061076,0
9318070061229,0
9318070061274,0
9318701071559,2
9318701071566,0
9318701071573,2
9318701071580,16
9318701071597,25
9318070061281,0
9318070061335,0
9318070061380,0
9318070061434,0
9318070061489,0
9318701062922,0
9318701062960,0
9318070061298,0
9318070061342,0
9318070061397,0
9318070061441,0
9318070061496,0
9318701062939,0
9318701062977,0
9318070061304,0
9318070061359,0
9318070061403,0
9318070061458,0
9318070061502,0
9318701062946,0
9318701062984,0
9318070061328,0
9318070061373,0
9318070061427,0
9318070061472,0
9318070061526,0
9318701062953,0
9318701062991,0
9318070061687,0
9318070061632,0
9318070061588,0
9318070061731,0
9318070061533,0
9318070061786,0
9318070061830,0
9318070061694,93
9318070061649,101
9318070061595,40
9318070061748,34
9318070061540,24
9318070061793,56
9318070061847,57
9318070061700,91
9318070061656,49
9318070061601,38
9318070061755,47
9318070061557,20
9318070061809,3
9318070061854,15
9318701071443,0
9318701071450,0
9318701071467,12
9318701071474,36
9318701071481,44
9318701071498,0
9318701071436,0
9318070061724,0
9318070061670,0
9318070061625,0
9318070061779,0
9318070061571,0
9318070061823,0
9318070061878,0
9318070061885,0
9318070061939,0
9318070061984,0
9318070062035,0
9318070062080,0
9318701063004,0
9318701063042,0
9318070061892,0
9318070061946,0
9318070061991,0
9318070062042,0
9318070062097,0
9318701063011,0
9318701063059,0
9318070061908,0
9318070061953,0
9318070062004,0
9318070062059,0
9318070062103,0
9318701063028,0
9318701063066,0
9318070061922,0
9318070061977,0
9318070062028,0
9318070062073,0
9318070062127,0
9318701063035,0
9318701063073,0
9318070062233,0
9318070062189,0
9318070062134,0
9318070062288,0
9318070062332,0
9318070062240,101
9318070062196,72
9318070062141,63
9318070062295,48
9318070062349,37
9318701074901,13
9318701074895,21
9318701074888,20
9318701074918,19
9318701074925,46
9318701071603,42
9318701071610,31
9318701071627,35
9318701071634,71
9318701071641,4
9318070062271,0
9318070062226,0
9318070062172,0
9318070062325,0
9318070062370,0
9318701071658,41
9318701071665,44
9318701071672,30
9318701071689,59
9318701071696,6
9318070062387,0
9318070662488,0
9318070662532,0
9318070662587,0
9318701063080,0
9318701063127,0
9318070062394,0
9318070662440,0
9318070662495,0
9318070662549,0
9318070662594,0
9318701063097,0
9318701063134,0
9318070062400,0
9318070662457,0
9318070662501,0
9318070662556,0
9318070662600,0
9318701063103,0
9318701063141,0
9318070062424,0
9318070662471,0
9318070662525,0
9318070662570,0
9318070662624,0
9318701063110,0
9318701063158,0
9318701068498,0
9318701068481,0
9318701068474,0
9318701068504,0
9318701068467,0
9318701068511,0
9318701068450,0
9318701068566,0
9318701068559,0
9318701068542,0
9318701068573,0
9318701068535,0
9318701068580,0
9318701068528,0
9318701068597,0
9318701068603,0
9318701068610,0
9318701068627,0
9318701068634,0
9318701068641,0
9318701068658,0
9318701068665,0
9318701068672,0
9318701068689,0
9318701068696,0
9318701068702,0
9318701068719,0
9318701068726,0
9318701071702,20
9318701071719,16
9318701071726,0
9318701071733,0
9318701071740,2
9318701071757,10
9318701071764,2
9318701071771,22
9318701071788,47
9318701071795,33
9318701071801,-1
9318701071818,0
9318701071825,18
9318701071832,23
9318701071986,26
9318701071993,26
9318701072006,21
9318701072013,-1
9318701072020,24
9318701072037,26
9318701072044,28
9318701071849,0
9318701071856,3
9318701071863,0
9318701071870,0
9318701071887,8
9318701071894,40
9318701071900,3
9318701071917,0
9318701071924,9
9318701071931,-1
9318701071948,1
9318701071955,0
9318701071962,7
9318701071979,3
9318701072051,53
9318701072068,106
9318701072075,80
9318701072082,117
9318701072099,85
9318701072105,62
9318701072112,40
9318701072129,36
9318701072136,13
9318701072143,35
9318701072150,31
9318701072167,9
9318701072174,21
9318701072181,12
9318701072334,59
9318701072341,27
9318701072358,50
9318701072365,31
9318701072372,72
9318701072389,55
9318701072396,27
9318701072198,6
9318701072204,0
9318701072211,0
9318701072228,0
9318701072235,0
9318701072242,0
9318701072259,0
9318701072266,0
9318701072273,28
9318701072280,0
9318701072297,0
9318701072303,0
9318701072310,2
9318701072327,0
9318701075724,97
9318701075717,68
9318701075700,53
9318701075731,49
9318701075748,39
9318701077087,26
9318701077070,26
9318701077063,24
9318701077094,30
9318701077100,25
9318701077117,10
9318701077124,37
9318701077131,50
9318701077148,22
9318701077155,1
9318701079944,78
9318701079951,116
9318701079968,106
9318701079975,108
9318701079982,108
9318701079999,109
9318701080001,77
9318701080018,72
9318701080025,110
9318701080032,100
9318701080049,99
9318701080056,100
9318701080063,110
9318701080070,82
9318701027129,1094
9318701027136,60
9318701008166,9
9318701030143,0
9318701030150,0
9318701062755,58
9318701062762,8
9318701062779,0
9318701062786,14
9318701064667,95
9318701062793,32
9318701062809,8
9318701062816,15
9318701062823,359
9318701064759,18
9318701079050,77
9318701079135,56
9318701079142,128
9318701079159,28
9318701079166,25
9318701079128,42
9318701079104,35
9318701079111,36
9318701079067,183
9318701079074,190
9318701079081,120
9318701079098,194
9318701048056,0
9318070059912,0
9318070059929,0
9318070059936.,0
9318070059936,0
9318070059943,0
9318701058734,0
9318701058741,0
9318701058758,0
9318701015638,0
9318701069297,0
9318701069303,296
9318701069143,386
9318701069136,328
9318701074314,1
9318701069150,3
9318701069167,500
9318701069174,0
9318701069181.,0
9318701069174.,0
9318701069181,0
9318701069198,0
9318701069204.,0
9318701069204,0
9318701069228,0
9318701069211,0
9318701069235,0
9318701069242,0
9318701069259,0
9318701069266,0
9318701074345,732
9318701074352,755
9318701074338,732
9318701069280,0
9318701069273,217
9318701074321,494
616323102750,0
616323102767,0
616323512894,0
616323512887,0
616323103009,0
616323103016,0
616323202252,0
616323202214,0
616323202245,0
9318701016185,1696
9318701077353,0
9318701052633,0
9318701052640,0
9318701052657,0
9318701052671,0
9318701052664,0
9318701056983,0
9318701056990,0
9318701056976,0
9318701057003,0
9318701057010,0
9318701057027,0
9318701057041,0
9318701057034,0
9318701057072,0
9318701057089,0
9318701058765,0
9318701058772,0
9318701058789,0
616323200562,0
9318701059311,0
9318701058796,0
9318701058802,0
9318701067668,0
9318701067644,0
9318701067651,0
9318701072426,0
9318701052343,0
9318701056808,0
9318701070415,0
9318701070422,0
9318701070439,0
9318701070446,0
9318701072433,0
9318701070453,0
9318701070460,0
9318701070699,0
9318701070712,0
9318701070729,0
9318701070705,0
9318701070682,0
9318701070477,0
9318701070484,0
9318701070491,0
9318701070507,0
9318701070514,0
9318701070521,0
9318701067613,0
9318701067637,0
9318701072402,0
9318701067583,0
9318701067590,0
9318701072419,0
9318701067620,0
9318701067569,0
9318701067576,0
9318701067606,0
9318701063349,40
9318701063356,13
9318701072587,0
9318701072594,0
9318701072600,0
9318701063363,25
9318701063370,40
9318701072617,0
9318701072631,0
686903123222,18
686903124786,30
686903124779,31
686903123178,19
686903121587,17
686903123185,1
9318701063387,0
9318701063394,19
9318701063400,55
9318701063417,66
9318701074802,34
9318701077001,0
9318701077056,5
9318701077711,32
9318701077728,64
9318701033939,398
9318701063424,669
9318701033946,354
9318701063431,540
9318701063448,462
9318701079388,572
9318701066586,0
9318701066593,0
9318701077650,0
9318701073034,23
9318701077667,349
9318701077773,0
9318701077780,0
9318701077865,0
9318701077872,0
9318701078640,1801
9318701078657,162
9318701034370,0
9318701048766,0
9318701048773,0
9318701032529,0
9318701078619,657
9318701078602,714
9318701035353,1
9318701048643,1
9318701048650,1
9318701011395,0
9318701078664,60
9318701078671,95
9318701037364,0
9318701048803,0
9318701048810,0
9318701025477,0
9318701078893,358
9318701078909,283
9318701066579,0
9318701063455,243
9318701063462,205
9318701063479,0
9318701063486,197
9318701035384,1224
9318701048667,0
9318701031645,844
9318701005936,63
9318701078886,283
9318701063493,183
9318701063509,277
9318701063516,0
9318701063523,154
9318701042344,331
9318701048681,71
9318701033465,52
9318701078916,953
9318701047622,5
9318701047646,0
9318701078923,84
9318701079432,229
9318701079449,243
9318701080582,476
9318701080575,475
9318701080599,312
9318701042467,2163
9318701048629,562
9318701048636,1023
9318701014624,523
9318701077384,500
9318701077414,200
9318701080445,160
9318701080438,188
9318701063530,0
9318701063547,0
9318701056891,0
9318701056907,0
9318701056914,0
9318701056921,0
9318701063554,0
9318701063561,0
9318701063578,0
9318701063585,0
9318701056938,0
9318701056945,0
9318701056952,0
9318701056969,0
9318701057256,0
9318070665472,0
9318701061017,545
9318070059950,0
9318701063592,422
9318701063608,2000
9318701070958,525
9318701070965,305
9318701070972,60
9318701070989,420
9318701005844,0
9318701056846,0
9318701067187,1
9318701067194,0
9318701079593,193
9318701067200,0
9318701067217,0
9318701067224,0
9318701067071,0
9318701067088,0
9318701067125,0
9318701067149,0
9318701067132,0
9318701067095,0
9318701067118,0
9318701067101,0
9318701067156,0
9318701067170,0
9318701067163,0
9318701071160,0
9318701071177,0
9318701071184,0
9318701071191,0
9318701071207,0
9318701071214,0
9318701071221,0
9318701074109,0
9318701074093,0
9318701074123,0
9318701074116,0
9318701074147,0
9318701074130,0
9318701074154,0
9318701074185,0
9318701074161,0
9318701074178,0
9318701074239,0
9318701074260,0
9318701074246,0
9318701074253,0
9318701074192,0
9318701074222,0
9318701074208,0
9318701074215,0
9318701074277,0
9318701074307,0
9318701074284,0
9318701074291,0
9318701075014,0
9318701075007,0
9318701067040,0
9318701067057,0
9318701067064,0
9318701071139,0
9318701071146,37
9318701074017,0
9318701074819,81
9318701074826,0
9318701071115,1
9318701071122,0
9318701071153,0
9318701079029,41
9318701079036,131
9318701079043,153
9318701063639,0
9318701063646,0
9318701063615,40
9318701063622,117
9318701077360,0
9318701063684,3
9318701063653,220
9318701063660,18
9318701063677,0
9318701063707,42
9318701063714,0
9318701077162,0
9318701063691,0
9318701077179,129
9318701063721,118
9318701063738,0
9318701063745,0
9318701063752,0
686903123253,41
686903124700,0
686903124694,5
686903123888,29
9318701023237,93
9318701063769,99
9318701063776,87
9318701017380,0
9318701023091,0
9318701063783,52
9318070663737,-5
9318701061024,12
9318070663751,84
9318070663775,66
9318070663744,1
9318701061031,41
9318070663768,25
9318070663782,142
9318701064827,0
9318701064834,0
9318701064841,0
9318701064858,0
9318701064889,0
9318701064902,0
9318701064896,0
9318701064872,0
9318701064865,52
9318070663799,47
9318070663805,9
9318701017717,120
9318701017724,26
9318701017731,32
9318701017748,30
9318701017779,35
9318070665496,0
9318070665489,0
9318070665519,0
9318070665502,0
9318701017847,63
9318701037258,0
9318701037241,0
9318701017861,0
9318701017878,0
616323202269,0
9318701053470,96
9318701053487,206
9318701053494,73
9318701066951,0
9318701066968,0
9318701066975,0
9318701066982,0
9318701073881,0
9318701073874,0
9318701073850,0
9318701073867,0
9318701073928,0
9318701073911,0
9318701073898,0
9318701073904,0
9318701073966,0
9318701073959,0
9318701073935,0
9318701073942,0
9318701074000,0
9318701073997,0
9318701073973,0
9318701073980,0
9318701066791,0
9318701073515,0
9318701066784,0
9318701066777,0
9318701066821,0
9318701073522,0
9318701066814,0
9318701066807,0
9318701066852,0
9318701073539,0
9318701066845,0
9318701066838,0
9318701066883,0
9318701066876,0
9318701066869,0
9318701066913,0
9318701066906,0
9318701066890,0
9318701066944,0
9318701066937,0
9318701066920,0
9318701066999,0
9318701067002,0
9318701067019,0
9318701059892,865
9318701059908,630
9318701070934,0
9318701070927,0
9318701071085,0
9318701071092,0
9318701071108,0
9318701079555,144
9318701073546.,0
9318701079609,325
9318701073546,322
9318701063790,285
9318701063806,532
9318701063813,497
9318701063820,0
9318701073119,86
9318701073126,131
9341940001100,0
9341940000516,0
9341940000523,0
9341940000530,0
9341940001025,0
9341940000820,0
9341940000868,0
9341940001001,0
9318701080490,235
9318701080506,244
9318701063875,0
9318701063851,0
9318701063837,0
9318701063899,0
9318701063912,0
9318701063882,0
9318701063868,0
9318701063844,0
9318701063905,0
9318701063929,0
9318701063936,0
9318701063950,0
9318701063974,0
9318701063998,0
9318701064018,0
9318701063943,0
9318701063967,0
9318701063981,0
9318701064001,0
9318701064025,0
9318701064032,0
9318701064056,0
9318701064070,0
9318701064094,0
9318701064117,0
9318701064049,0
9318701064063,0
9318701064087,0
9318701064100,0
9318701064124,0
9318701064131,1
9318701064155,0
9318701064179,0
9318701064193,0
9318701064216,0
9318701064148,0
9318701064162,0
9318701064186,0
9318701064209,0
9318701064223,0
9318701068757,0
9318701068740,0
9318701068733,0
9318701068764,0
9318701068771,0
9318701068801,0
9318701068795,0
9318701068788,0
9318701068818,0
9318701068825,0
9318701068832,0
9318701068849,0
9318701068856,0
9318701068863,0
9318701068870,0
9318701068887,0
9318701068894,0
9318701068900,0
9318701068917,0
9318701068924,0
9318701068931,0
9318701068948,0
9318701068955,0
9318701068962,0
9318701068979,0
9318701068986,0
9318701068993,0
9318701069006,0
9318701069013,0
9318701069020,0
9318701069037,0
9318701069044,0
9318701069051,0
9318701069068,0
9318701069075,0
9318701069082,0
9318701069099,0
9318701069105,0
9318701069112,0
9318701069129,0
9318701077735,-1
9318701077742,1
9318701077841,1
9318701077858,0
9318701063165,14
9318701063172,5
9318701063189,0
9318701077674,39
9318701077681,65
9318701080087,133
9318701080094,136
9318701035216,0
9318701048537,0
9318701048551,0
9318701063196,0
9318701063202,0
9318701063219,84
9318701063226,48
9318701063233,0
9318701063240,0
9318701063257,139
9318701063264,0
9318701074734,210
9318701063271,0
9318701063288,1
9318701063295,115
9318701063301,0
9318701063318,0
9318701037128,0
9318701037111,0
9318701037135,0
9318701073485,0
9318701073492,0
9318701073508,242
9318701057812,0
9318701057829,0
9318701057836,0
9318701057843,0
9318701063325,0
9318701063332,0
616323200166,0
616323200630,0
616323201910,0
9318701075779,1
9318701068429,0
9318701068412,0
9318701068405,37
9318701068436,46
9318701068399,30
9318701068443,0
9318701068382,27
9318701074970,19
9318701074963,43
9318701074956,24
9318701074987,14
9318701074949,8
9318701074994,38
9318701074932,56
9318701068351,0
9318701068344,0
9318701068337,0
9318701068368,0
9318701068320,0
9318701068375,0
9318701068313,0
9318701075670,0
9318701075663,0
9318701075656,0
9318701075687,0
9318701075649,0
9318701075694,0
9312701075632,0
9318701034288,0
9318701009088,0
9318070663614,0
9318701027525,0
9318701027563,0
9318070663621,0
9318701027587,0
9318701027594,0
9318070663638,0
9318701016178,0
9318701056822,0
9318701079777,65
9318701079784,68
9318701079739,42
9318701079746,38
9318701079753,34
9318701079760,64
9318701079708,59
9318701079692,62
9318701079685,86
9318701079715,77
9318701079678,50
9318701079722,33
9318701079890,68
9318701079906,77
9318701079852,10
9318701079869,31
9318701079876,41
9318701079883,69
9318701079821,80
9318701079814,67
9318701079807,45
9318701079838,50
9318701079791,26
9318701079845,52
9318070663645,0
9318701025149,0
9318701016222,0
9318070663652,0
9318701027396,0
9318701027402,0
9318070663669,0
9318701027426,0
9318701027495,0
021563731019,0
021563721010,0
9318070663676,1
9318701037913,0
9318701009972,0
9318070663683,0
9318701009996,0
9318701037890,0
9318070663690,0
9318701038293,0
9318701038279,0
9318070663706,0
9318701038255,0
9318701037777,0
9318070663713,0
9318701025316,0
9318070663720,0
9318701025347,0
9318701025378,0
9318701061130,0
9318701061147,0
9318701061154,0
9318701061161,0
9318701061178,0
9318701061123,0
9318701061109,0
9318701061116,0
9318701061062,0
9318701061079,0
9318701061086,0
9318701061093,0
9318701021356,47
9318701042498,0
9318701021363,186
9318701009163,156
9318701009156,0
9318701009200,0
9318701009224,866
9318701009217,0
9318701009262,0
9318701009279,143
9318701009286,0
9318701009309,0
9318701009293,0
9318701009347,0
9318701009712,142
9318701064261,0
9318701064254,0
9318701064247,0
9318701064278,0
9318701064230,0
5060194386125,0
5060194386118,0
5060194386071,0
5060194386132,0
5060194386149,0
5060194386156,0
5060194386163,0
5060194386170,0
5060194386187,0
5060194386194,0
5060194386200,0
5060194386224,0
5060194386248,0
5060194386262,0
5060194386286,0
5060194386217,0
5060194386231,0
5060194386255,0
5060194386279,0
5060194386293,0
5060194385623,0
5060194385616,0
5060194385609,0
5060194385630,0
5060194385647,0
5060194385654,0
5060194386033,0
5060194386040,0
5060194386057,0
5060194386064,0
5060194380192,0
5060194384169,0
5060194384107,0
5060194384176,0
9318701065312,0
9318701065305,0
9318701065299,0
9318701065329,0
9318701065282,0
9318701065336,0
9318701065251,0
9318701065244,0
9318701065237,0
9318701065268,0
9318701065220,0
9318701065275,0
9318701074628,0
9318701074611,0
9318701074604,0
9318701074635,0
9318701074598,0
9318701074642,0
9318701065428,0
9318701065435,0
9318701065442,0
9318701065459,0
9318701065466,0
9318701065473,0
9318701065480,0
9318701065497,0
9318701065343,0
9318701065350,0
9318701065367,0
9318701065374,0
9318701065381,0
9318701065398,0
9318701065404,0
9318701065411,0
9318701074659,0
9318701074666,0
9318701074673,0
9318701074680,0
9318701074697,0
9318701074703,0
9318701074710,0
9318701074727,0
9318701065688,0
9318701065695,0
9318701065701,0
9318701065718,0
9318701065725,0
9318701065732,0
9318701065749,0
9318701065756,0
9318701065763,0
9318701065770,0
9318701065787,0
9318701065794,0
9318701065800,0
9318701071320,0
9318701071337,0
9318701071344,0
9318701071351,0
9318701071368,0
9318701065114,0
9318701065107,0
9318701065091,0
9318701065121,0
9318701065084,0
9318701065138,0
9318701065145,0
9318701065152,0
9318701065169,0
9318701065176,0
9318701065183,0
9318701065190,0
9318701065206,0
9318701065213,0
9318701065503,0
9318701065510,0
9318701065527,0
9318701065534,0
9318701065541,0
9318701065558,0
9318701065565,0
9318701065572,0
9318701065589,0
9318701065596,0
9318701065602,0
9318701065619,0
9318701065626,0
9318701065633,0
9318701065640,0
9318701065657,0
9318701065664,0
9318701065671,0
9318701067972,0
9318701067965,0
9318701067958,0
9318701067989,0
9318701067941,0
9318701067996,0
9318701068009,0
9318701068016,0
9318701068023,0
9318701068030,0
9318701068047,0
9318701068092,0
9318701068085,0
9318701068078,0
9318701068108,0
9318701068061,0
9318701068115,0
9318701068054,0
9318701075830,0
9318701075823,0
9318701075816,0
9318701075847,0
9318701075809,0
9318701075854,0
9318701065039,0
9318701065022,0
9318701065015,0
9318701065046,0
9318701065008,0
9318701065053,0
9318701065060,0
9318701030341,0
9318701067781,0
9318701067774,0
9318701067767,0
9318701067798,0
9318701067750,0
9318701067804,0
9318701067811,0
9318701067828,0
9318701067835,0
9318701067842,0
9318701067859,0
9318701067866,0
9318701067873,0
9318701067880,0
9318701067897,0
9318701067903,0
9318701067910,0
9318701067927,0
9318701067934,0
9318701068160,49
9318701068153,20
9318701068146,22
9318701068177,17
9318701068139,16
9318701068184,39
9318701068122,0
9318701068238,46
9318701068221,24
9318701068214,27
9318701068245,28
9318701068207,45
9318701068252,16
9318701068191,0
9318070662730,0
9318070662709,0
9318070662679,0
9318070662761,0
9318070662648,0
9318070662792,0
9318070662822,0
9318070662853,0
9318070662884,0
9318070662914,0
9318070662945,0
9318070662976,0
9318701064292,0
9318701064322,0
9318070662990,0
9318070663010,0
9318070663034,0
9318070663058,0
9318070663072,0
9318070663096,0
9318070663119,0
9318070663133,0
9318070663157,0
9318070663171,0
9318070663195,0
9318701064346,0
9318701064360,0
9318070663300,0
9318070663270,0
9318070663249,0
9318070663331,0
9318070663218,0
9318070663362,0
9318070663393,0
9318070663409,0
9318070663416,0
9318070663423,0
9318070663430,0
9318070663447,0
9318701064384,0
9318701064391,0
9318701075984,60
9318701075977,31
9318701075960,11
9318701075991,18
9318701076004,18
9318701075885,29
9318701075878,0
9318701075861,21
9318701075892,2
9318701075908,0
9318701075939,0
9318701075922,0
9318701075915,0
9318701075946,0
9318701075953,0
9318701079647,59
9318701079630,76
9318701079623,44
9318701079654,57
9318701079616,29
9318701079661,26
9318701064445,0
9318701064438,0
9318701064421,0
9318701064452,0
9318701064469,0
9318701074772,104
9318701074765,56
9318701074758,0
9318701074789,53
9318701074796,160
9318070060024,0
9318070060017,0
9318070060000,0
9318070060031,0
9318070060376,0
9318701064490,90
9318701064483,99
9318701064476,48
9318701064506,144
9318701064513,237
9318701068283,113
9318701068276,72
9318701068269,0
9318701068290,167
9318701068306,81
9318701078824,21
9318701076011,10
9318701076028,18
9318701076035,17
9318701076042,19
9318701076059,18
9318701078831,58
9318701076066,13
9318701076073,22
9318701076080,12
9318701076097,23
9318701076103,20
9318701071276,0
9318701071283,0
9318701071290,0
9318701071306,0
9318701071313,0
9318701076332,30
9318701076325,24
9318701076318,25
9318701076349,23
9318701076356,27
9318701076233,36
9318701076226,34
9318701076219,10
9318701076240,13
9318701076257,16
9318701076288,0
9318701076271,0
9318701076264,0
9318701076295,0
9318701076301,0
9318701072938,41
9318701076110,17
9318701076127,15
9318701076134,19
9318701076141,0
9318704076158,19
9318701072952,25
9318701076165,0
9318701076172,0
9318701076189,1
9318701076196,7
9318701076202,0
9318701078817,12
9318701076363,13
9318701076370,8
9318701076387,32
9318701076394,20
9318701076400,25
9318701078800,21
9318701076417,12
9318701076424,13
9318701076431,10
9318701076448,0
9318701076455,3
9318701076462,19
9318701076479,6
9318701076486,18
9318701076493,22
9318701076509,28
9318701072983,0
9318701076516,22
9318701076523,18
9318701076530,18
9318701076547,1
9318701076554,5
9318701072990,6
9318701072891,32
9318701076615,8
9318701076622,0
9318701076639,0
9318701076646,0
9318701076653,0
9318701072877,55
9318701076561,20
9318701076578,-1
9318701076585,19
9318701076592,18
9318701076608,0
5060194382424,0
5060194382394,0
5060194382363,0
5060194382455,0
5060194382332,0
5060194382486,0
5060194382516,0
5060194382448,0
5060194382417,0
5060194382387,0
5060194382479,0
5060194382356,0
5060194382509,0
5060194382530,0
5060194382431,0
5060194382400,0
5060194382370,0
5060194382462,0
5060194382349,0
5060194382493,0
5060194382523,0
5060194382547,0
5060194382561,0
5060194382585,0
5060194382608,0
5060194382622,0
5060194382646,0
5060194382554,0
5060194382578,0
5060194382592,0
5060194382615,0
5060194382639,0
5060194382653,0
5060194382127,0
5060194382158,0
5060194382189,0
5060194382219,0
5060194382240,0
5060194382271,0
5060194382301,0
5060194382141,0
5060194382172,0
5060194382202,0
5060194382233,0
5060194382264,0
5060194382295,0
5060194382325,0
5060194382134,0
5060194382165,0
5060194382196,0
5060194382226,0
5060194382257,0
5060194382288,0
5060194382318,0
5060194382721,0
5060194382707,0
5060194382684,0
5060194382745,0
5060194382660,0
5060194382769,0
5060194382783,0
5060194382738,0
5060194382714,0
5060194382691,0
5060194382752,0
5060194382677,0
5060194382776,0
5060194382790,0
5060194382806,0
5060194382820,0
5060194382844,0
5060194382868,0
5060194382882,0
5060194382905,0
5060194382813,0
5060194382837,0
5060194382851,0
5060194382875,0
5060194382899,0
5060194382912,0
5060194382004,0
5060194382028,0
5060194382042,0
5060194382066,0
5060194382080,0
5060194382103,0
5060194382011,0
5060194382035,0
5060194382059,0
5060194382073,0
5060194382097,0
5060194382110,0
9318701076660,5
9318701076677,1
9318701076684,11
9318701076691,16
9318701076707,19
9318701072914,24
9318701076714,10
9318701076721,0
9318701076738,17
9318701076745,7
9318701076752,5
9318701072921,11
5060194383544,0
5060194383551,0
5060194383667,0
5060194383681,0
5060194383674,0
5060194383698,0
9318701078930,8
9318701078947,13
9318701078954,1
9318701078961,18
9318701078978,18
5060194381052,0
5060194381038,0
5060194381021,0
5060194381069,0
5060194380680,0
5060194381076,0
5060194383834,0
5060194381991,0
5060194383810,0
5060194380697,0
5060194381083,0
5060194381090,0
5060194381106,0
5060194383827,0
5060194380963,0
5060194380949,0
5060194380932,0
5060194380970,0
5060194380666,0
5060194380987,0
5060194383780,0
5060194383193,0
5060194383797,0
5060194380673,0
5060194380994,0
5060194381007,0
5060194381014,0
5060194383803,0
9344216005048,123
9344216005000,681
9344216005093,228
9344216005024,199
9318701072693,0
9318701072655,0
9318701072679,0
9318701072686,0
9318701072662,0